{"cameraMode":{"drawMode":0,"name":"Shaded","section":"Shading Mode"},"sceneLighting":false,"audioPlay":false,"sceneViewState":{"m_AlwaysRefresh":false,"showFog":true,"showSkybox":false,"showFlares":true,"showImageEffects":true,"showParticleSystems":true,"showVisualEffectGraphs":true,"m_FxEnabled":true},"in2DMode":false,"pivot":{"x":0.0000457763671875,"y":0.04031333699822426,"z":-0.015531808137893677},"rotation":{"x":-0.15671780705451966,"y":0.7657641172409058,"z":-0.20430712401866914,"w":-0.5894880294799805},"size":0.21294541656970979,"orthographic":false}