{"cameraMode":{"drawMode":0,"name":"Shaded","section":"Shading Mode"},"sceneLighting":false,"audioPlay":false,"sceneViewState":{"m_AlwaysRefresh":false,"showFog":true,"showSkybox":false,"showFlares":true,"showImageEffects":true,"showParticleSystems":true,"showVisualEffectGraphs":true,"m_FxEnabled":true},"in2DMode":false,"pivot":{"x":0.00041931867599487305,"y":0.03448303043842316,"z":-0.005469769239425659},"rotation":{"x":-0.15671780705451966,"y":0.7657641172409058,"z":-0.20430712401866914,"w":-0.5894880294799805},"size":0.2043529897928238,"orthographic":false}